depth,Pxx,Pyy,Pzz,Pxy,Pyz,Pzx
3.5001547e+03,1.5097778e+07,2.0914273e+07,2.3372591e+07,9.6114844e+05,-1.1560084e+06,-2.9885764e+05
