xcen,ycen,depth,Pxx,Pyy,Pzz
4.2632326e+05,4.5187682e+06,3.1558607e+03,1.4131768e+07,1.7455436e+07,1.9019534e+07
