xtlc,ytlc,dtlc,length,opening
4.2556011e+05,4.5195390e+06,3.9342802e+03,1.3445400e+03,3.1855568e+00
