xcen,ycen,depth,radius,dP_mu
4.2634375e+05,4.5187473e+06,2.6459785e+03,9.2614119e+02,2.1606300e-03
