xtlc,ytlc,dtlc,length,width,dip,opening
4.2565602e+05,4.5194197e+06,3.9747792e+03,1.2104400e+03,1.7533120e+03,2.5949286e-01,3.8322954e+00
