xcen,ycen,depth,dP_mu
4.2622875e+05,4.5186430e+06,3.9319463e+03,3.8374991e-03
