xcen,ycen,depth,dP_mu
4.2631937e+05,4.5187688e+06,2.6826330e+03,3.3753995e-03
