xcen,ycen,depth,radius,dP_mu
4.2622116e+05,4.5186537e+06,3.9483756e+03,9.1160869e+02,5.0377135e-03
