xcen,ycen,depth,s_axis_max,dP_mu,strike,dip
4.2628470e+05,4.5188029e+06,2.8513365e+03,1.5514822e+03,4.2472616e-03,8.8886652e+01,2.6439071e+01
