xcen,ycen,depth,dVol
4.2630756e+05,4.5187683e+06,2.7062435e+03,5.4141885e+06
