xcen,ycen,depth,dVol
4.2629058e+05,4.5187602e+06,2.7124235e+03,5.4070947e+06
